0.01,0.0034,-0.7604,0,0,0,0,0.2223
0.01,0.0042,-0.7604,0.0008,0.0654,5.1094,5.1094,0.2236
0.01,0.005,-0.7604,0.0017,0.0899,2.6226,2.6226,0.2254
0.01,0.0063,-0.7604,0.0029,0.137,5.1276,5.1276,0.2277
0.01,0.008,-0.7604,0.0046,0.1841,5.1625,5.1625,0.2308
0.01,0.0105,-0.7604,0.0071,0.2347,4.7198,4.7198,0.2353
0.01,0.013,-0.7604,0.0097,0.2861,5.822,5.822,0.2407
0.01,0.0164,-0.7604,0.013,0.3335,4.7137,4.7137,0.247
0.01,0.0206,-0.7603,0.0172,0.3874,4.9713,4.9713,0.2551
0.01,0.0248,-0.7603,0.0214,0.4409,5.6111,5.6111,0.2641
0.01,0.0298,-0.7603,0.0264,0.4907,4.8536,4.8536,0.274
0.01,0.0349,-0.7603,0.0315,0.5422,5.5378,5.5378,0.2849
0.01,0.0411,-0.7602,0.0378,0.5918,4.6699,4.6699,0.297
0.01,0.0474,-0.7602,0.0441,0.6459,5.5511,5.5511,0.3106
0.01,0.0541,-0.7602,0.0508,0.6953,5.1121,5.1121,0.3246
0.01,0.0617,-0.7601,0.0583,0.7456,4.9766,4.9766,0.34
0.01,0.0696,-0.7601,0.0663,0.7979,5.2442,5.2442,0.3567
0.01,0.0784,-0.76,0.0751,0.8497,5.0061,5.0061,0.3748
0.01,0.0872,-0.76,0.0839,0.9026,5.4298,5.4298,0.3939
0.01,0.0968,-0.7599,0.0935,0.9525,4.9454,4.9454,0.4138
0.01,0.1069,-0.7598,0.1035,1.0048,5.2411,5.2411,0.4352
0.01,0.1173,-0.7597,0.1139,1.056,5.1787,5.1787,0.4574
0.01,0.1286,-0.7596,0.1252,1.1071,5.0264,5.0264,0.4811
0.01,0.1398,-0.7595,0.1365,1.1595,5.4003,5.4003,0.5057
0.01,0.1519,-0.7594,0.1485,1.2091,4.9654,4.9654,0.5313
0.01,0.1648,-0.7593,0.1614,1.2613,5.1009,5.1009,0.5587
0.01,0.1777,-0.7592,0.1743,1.3141,5.3888,5.3888,0.5871
0.01,0.1914,-0.759,0.188,1.3641,4.9807,4.9807,0.6164
0.01,0.2055,-0.7589,0.2021,1.4163,5.2438,5.2438,0.6471
0.01,0.2204,-0.7587,0.217,1.4677,5.054,5.054,0.6793
0.01,0.2353,-0.7585,0.2319,1.5204,5.3809,5.3809,0.7125
0.01,0.251,-0.7583,0.2476,1.5703,4.9929,4.9929,0.7466
0.01,0.2675,-0.7581,0.2641,1.6225,5.1247,5.1247,0.7826
0.01,0.284,-0.7578,0.2806,1.6754,5.3773,5.3773,0.8196
0.01,0.3013,-0.7576,0.2979,1.7255,5.0037,5.0037,0.8577
0.01,0.3193,-0.7573,0.316,1.7778,5.1344,5.1344,0.8976
0.01,0.3374,-0.757,0.3341,1.8308,5.376,5.376,0.9386
0.01,0.3563,-0.7567,0.3529,1.8811,5.0133,5.0133,0.9806
0.01,0.3755,-0.7563,0.3722,1.9334,5.2576,5.2576,1.024
0.01,0.3955,-0.7559,0.3922,1.9847,5.0841,5.0841,1.069
0.01,0.4159,-0.7556,0.4126,2.0374,5.2615,5.2615,1.1155
0.01,0.4367,-0.7551,0.4334,2.0891,5.2011,5.2011,1.163
0.01,0.4582,-0.7547,0.4549,2.1404,5.0931,5.0931,1.2121
0.01,0.4801,-0.7542,0.4768,2.193,5.268,5.268,1.2626
0.01,0.5024,-0.7537,0.4991,2.2447,5.2074,5.2074,1.3143
0.01,0.5255,-0.7531,0.5222,2.2959,5.1021,5.1021,1.3675
0.01,0.5489,-0.7526,0.5456,2.3485,5.2755,5.2755,1.4223
0.01,0.5726,-0.7519,0.5694,2.4002,5.2144,5.2144,1.4782
0.01,0.5972,-0.7513,0.5939,2.4513,5.1114,5.1114,1.5357
0.01,0.6224,-0.7506,0.6192,2.5036,5.1803,5.1803,1.5953
0.01,0.648,-0.7498,0.6448,2.5566,5.2869,5.2869,1.6565
0.01,0.674,-0.7491,0.6708,2.6087,5.2262,5.2262,1.7188
0.01,0.7007,-0.7482,0.6975,2.6602,5.127,5.127,1.7828
0.01,0.7278,-0.7474,0.7245,2.713,5.2968,5.2968,1.8485
0.01,0.7551,-0.7464,0.7519,2.7649,5.2353,5.2353,1.9153
0.01,0.7832,-0.7455,0.78,2.8161,5.1372,5.1372,1.9838
0.01,0.812,-0.7444,0.8089,2.8685,5.2077,5.2077,2.0546
0.01,0.8412,-0.7434,0.8381,2.9215,5.3116,5.3116,2.127
0.01,0.8711,-0.7422,0.8679,2.9733,5.1514,5.1514,2.2012
0.01,0.9012,-0.741,0.8981,3.0264,5.3199,5.3199,2.2771
0.01,0.9321,-0.7397,0.929,3.0782,5.1601,5.1601,2.3548
0.01,0.9633,-0.7384,0.9602,3.1313,5.3288,5.3288,2.4343
0.01,0.9951,-0.737,0.9921,3.1831,5.1691,5.1691,2.5156
0.01,1.0273,-0.7356,1.0243,3.2362,5.3384,5.3384,2.5988
0.01,1.0602,-0.734,1.0572,3.288,5.1786,5.1786,2.6838
0.01,1.0937,-0.7324,1.0908,3.3408,5.2516,5.2516,2.7711
0.01,1.1275,-0.7307,1.1246,3.3942,5.3538,5.3538,2.8604
0.01,1.162,-0.7289,1.1592,3.4462,5.195,5.195,2.9516
0.01,1.1967,-0.7271,1.194,3.4995,5.3653,5.3653,3.0447
0.01,1.2321,-0.7251,1.2294,3.5515,5.2057,5.2057,3.1398
0.01,1.2682,-0.7231,1.2655,3.6044,5.281,5.281,3.2373
0.01,1.3048,-0.721,1.3022,3.6575,5.2879,5.2879,3.3375
0.01,1.3418,-0.7187,1.3392,3.7112,5.3904,5.3904,3.4396
0.01,1.3793,-0.7164,1.3769,3.7636,5.2315,5.2315,3.5439
0.01,1.4175,-0.714,1.4151,3.8167,5.3086,5.3086,3.6507
0.01,1.4563,-0.7114,1.454,3.8701,5.3162,5.3162,3.7603
0.01,1.4953,-0.7088,1.4931,3.9241,5.4195,5.4195,3.872
0.01,1.5349,-0.706,1.5328,3.9767,5.2602,5.2602,3.9858
0.01,1.5751,-0.7032,1.5731,4.03,5.3397,5.3397,4.1025
0.01,1.6159,-0.7002,1.614,4.0836,5.3484,5.3484,4.2219
0.01,1.6572,-0.697,1.6554,4.1373,5.3573,5.3573,4.3442
0.01,1.6988,-0.6938,1.6971,4.1916,5.4626,5.4626,4.4689
0.01,1.7412,-0.6904,1.7397,4.2439,5.208,5.208,4.5964
0.01,1.7839,-0.6868,1.7825,4.2992,5.5552,5.5552,4.7269
0.01,1.8274,-0.6831,1.8262,4.3517,5.2273,5.2273,4.8605
0.01,1.8711,-0.6793,1.8701,4.4072,5.577,5.577,4.9971
0.01,1.9157,-0.6753,1.9148,4.4599,5.2476,5.2476,5.1368
0.01,1.9605,-0.6712,1.9598,4.5156,5.6009,5.6009,5.2797
0.01,2.0061,-0.6668,2.0056,4.5684,5.2693,5.2693,5.4257
0.01,2.0522,-0.6623,2.0519,4.6238,5.5289,5.5289,5.5757
0.01,2.0987,-0.6577,2.0987,4.6785,5.4662,5.4662,5.7289
0.01,2.1458,-0.6528,2.146,4.7333,5.4795,5.4795,5.8855
0.01,2.1933,-0.6478,2.1938,4.7881,5.4933,5.4933,6.0456
0.01,2.2416,-0.6425,2.2424,4.8424,5.4108,5.4108,6.2098
0.01,2.2903,-0.6371,2.2914,4.8985,5.6013,5.6013,6.3782
0.01,2.3395,-0.6315,2.3409,4.9538,5.5389,5.5389,6.5502
0.01,2.3891,-0.6256,2.3908,5.0092,5.5552,5.5552,6.7259
0.01,2.4394,-0.6195,2.4415,5.064,5.4734,5.4734,6.906
0.01,2.4901,-0.6132,2.4927,5.1206,5.6712,5.6712,7.0907
0.01,2.5416,-0.6067,2.5445,5.1758,5.5095,5.5095,7.2799
0.01,2.5934,-0.5999,2.5968,5.2328,5.7107,5.7107,7.4737
0.01,2.6459,-0.5928,2.6497,5.2884,5.5485,5.5485,7.6723
0.01,2.6987,-0.5855,2.7031,5.3458,5.754,5.754,7.8758
0.01,2.7522,-0.5779,2.7571,5.4017,5.591,5.591,8.0843
0.01,2.8063,-0.57,2.8118,5.4588,5.6991,5.6991,8.2985
0.01,2.8608,-0.5619,2.8668,5.5169,5.8267,5.8267,8.5179
0.01,2.9158,-0.5534,2.9225,5.5735,5.6629,5.6629,8.7425
0.01,2.9715,-0.5446,2.9788,5.6313,5.7768,5.7768,8.9733
0.01,3.0277,-0.5355,3.0358,5.6894,5.8054,5.8054,9.2103
0.01,3.0844,-0.5261,3.0933,5.7478,5.8355,5.8355,9.4537
0.01,3.1417,-0.5163,3.1514,5.8065,5.867,5.867,9.7037
0.01,3.1995,-0.5061,3.2101,5.8656,5.9002,5.9002,9.9603
0.01,3.2578,-0.4956,3.2694,5.9249,5.935,5.935,10.2238
0.01,3.3166,-0.4848,3.3292,5.9846,5.9716,5.9716,10.4943
0.01,3.3758,-0.4735,3.3895,6.0445,6.0101,6.0101,10.772
0.01,3.4358,-0.4618,3.4506,6.104,5.9409,5.9409,11.0579
0.01,3.4962,-0.4497,3.5122,6.1658,6.1893,6.1893,11.3521
0.01,3.5573,-0.4371,3.5745,6.2262,6.0276,6.0276,11.6548
0.01,3.6188,-0.4241,3.6374,6.289,6.2848,6.2848,11.9663
0.01,3.6808,-0.4105,3.7009,6.3503,6.1238,6.1238,12.2869
0.01,3.7435,-0.3965,3.7651,6.4132,6.2764,6.2764,12.6176
0.01,3.8066,-0.382,3.8298,6.4775,6.4496,6.4496,12.9578
0.01,3.8701,-0.367,3.8951,6.5403,6.2904,6.2904,13.3079
0.01,3.9345,-0.3514,3.9613,6.6039,6.339,6.339,13.6697
0.01,3.9991,-0.3352,4.0279,6.6557,5.1761,5.1761,14.0429
0.01,4.0631,-0.3188,4.094,6.6281,-2.7649,-2.7649,14.4236
0.01,4.1267,-0.302,4.1599,6.5849,-4.3237,-4.3237,14.8104
0.01,4.19,-0.2848,4.2254,6.5428,-4.2008,-4.2008,15.2042
0.01,4.2525,-0.2674,4.2903,6.5032,-3.9753,-3.9753,15.6035
0.01,4.3148,-0.2495,4.3551,6.458,-4.5005,-4.5005,16.0092
0.01,4.3762,-0.2314,4.4191,6.4198,-3.8252,-3.8252,16.4216
0.01,4.4373,-0.213,4.483,6.3761,-4.3714,-4.3714,16.8398
0.01,4.4978,-0.1942,4.5463,6.336,-4.0133,-4.0133,17.2649
0.01,4.5579,-0.175,4.6093,6.2936,-4.2278,-4.2278,17.697
0.01,4.6171,-0.1557,4.6717,6.2551,-3.8625,-3.8625,18.1353
0.01,4.676,-0.1359,4.7338,6.2119,-4.3236,-4.3236,18.5799
0.01,4.7345,-0.1157,4.7956,6.1712,-4.0628,-4.0628,19.0329
0.01,4.7924,-0.0953,4.857,6.1318,-3.9273,-3.9273,19.4935
0.01,4.8497,-0.0745,4.918,6.0915,-4.0372,-4.0372,19.9608
0.01,4.9063,-0.0534,4.9784,6.0513,-4.022,-4.022,20.435
0.01,4.9624,-0.032,5.0384,6.0113,-4.007,-4.007,20.9161
0.01,5.018,-0.0102,5.0982,5.97,-4.1208,-4.1208,21.4055
0.01,5.0731,0.0119,5.1575,5.9316,-3.8428,-3.8428,21.9031
0.01,5.1276,0.0343,5.2164,5.892,-3.9637,-3.9637,22.4081
0.01,5.1814,0.057,5.2749,5.8525,-3.9501,-3.9501,22.9206
0.01,5.2349,0.0802,5.3332,5.8117,-4.0738,-4.0738,23.4419
0.01,5.2875,0.1036,5.3908,5.7753,-3.6406,-3.6406,23.971
0.01,5.3398,0.1273,5.4482,5.7333,-4.1999,-4.1999,24.508
0.01,5.3914,0.1515,5.5052,5.6957,-3.7539,-3.7539,25.0542
0.01,5.4425,0.1759,5.5618,5.6568,-3.891,-3.891,25.6086
0.01,5.4927,0.2005,5.6178,5.6196,-3.7316,-3.7316,26.1702
0.01,5.5426,0.2256,5.6736,5.5778,-4.1795,-4.1795,26.7402
0.01,5.5919,0.251,5.729,5.5407,-3.7092,-3.7092,27.3199
0.01,5.6405,0.2767,5.784,5.5021,-3.86,-3.86,27.9083
0.01,5.6886,0.3028,5.8387,5.4635,-3.8553,-3.8553,28.5056
0.01,5.7361,0.3292,5.893,5.4249,-3.8521,-3.8521,29.1117
0.01,5.7828,0.3558,5.9468,5.3882,-3.6862,-3.6862,29.7256
0.01,5.829,0.3828,6.0004,5.3462,-4.1847,-4.1847,30.3486
0.01,5.8746,0.4101,6.0534,5.3111,-3.5125,-3.5125,30.9808
0.01,5.9195,0.4377,6.1062,5.2708,-4.0306,-4.0306,31.621
0.01,5.9636,0.4656,6.1584,5.234,-3.6877,-3.6877,32.2691
0.01,6.0074,0.4938,6.2104,5.1916,-4.2251,-4.2251,32.9267
0.01,6.0504,0.5223,6.262,5.1564,-3.5213,-3.5213,33.5938
0.01,6.0926,0.551,6.3131,5.1175,-3.8968,-3.8968,34.2676
0.01,6.1343,0.5801,6.3639,5.0766,-4.0878,-4.0878,34.9496
0.01,6.1753,0.6094,6.4143,5.0383,-3.8308,-3.8308,35.6412
0.01,6.2156,0.639,6.4644,5.0029,-3.5349,-3.5349,36.3409
0.01,6.2552,0.6689,6.5139,4.9668,-3.6214,-3.6214,37.0473
0.01,6.2942,0.699,6.5632,4.9297,-3.7135,-3.7135,37.7619
0.01,6.3326,0.7294,6.6122,4.8955,-3.4113,-3.4113,38.486
0.01,6.3703,0.7601,6.6608,4.8645,-3.1061,-3.1061,39.2183
0.01,6.4074,0.7911,6.7092,4.8303,-3.4119,-3.4119,39.9586
0.01,6.4438,0.8224,6.7571,4.8014,-2.8964,-2.8964,40.7069
0.01,6.4796,0.8539,6.8048,4.7692,-3.2159,-3.2159,41.4632
0.01,6.5148,0.8858,6.8524,4.7401,-2.9047,-2.9047,42.2289
0.01,6.5494,0.9179,6.8995,4.7142,-2.5897,-2.5897,43.0025
0.01,6.5831,0.9501,6.9462,4.6872,-2.7088,-2.7088,43.7821
0.01,6.6165,0.9829,6.9929,4.6566,-3.056,-3.056,44.5709
0.01,6.6491,1.0158,7.0392,4.6359,-2.0683,-2.0683,45.369
0.01,6.681,1.0489,7.0852,4.6117,-2.4229,-2.4229,46.1727
0.01,6.7124,1.0825,7.1312,4.5837,-2.7903,-2.7903,46.9854
0.01,6.7431,1.1162,7.1769,4.566,-1.7739,-1.7739,47.807
0.01,6.7732,1.1503,7.2223,4.5421,-2.3842,-2.3842,48.6355
0.01,6.8026,1.1846,7.2675,4.524,-1.8207,-1.8207,49.4708
0.01,6.8314,1.2192,7.3125,4.5018,-2.2137,-2.2137,50.3127
0.01,6.8596,1.254,7.3573,4.483,-1.8863,-1.8863,51.1627
0.01,6.8872,1.2892,7.402,4.4649,-1.8014,-1.8014,52.0209
0.01,6.914,1.3246,7.4464,4.4503,-1.4683,-1.4683,52.885
0.01,6.9404,1.3604,7.4909,4.4289,-2.1347,-2.1347,53.7567
0.01,6.966,1.3963,7.535,4.4184,-1.05,-1.05,54.6359
0.01,6.991,1.4326,7.5791,4.4011,-1.7299,-1.7299,55.5203
0.01,7.0153,1.469,7.6228,4.3897,-1.1383,-1.1383,56.4096
0.01,7.039,1.5058,7.6666,4.3713,-1.8391,-1.8391,57.3056
0.01,7.062,1.5427,7.7101,4.3641,-0.7225,-0.7225,58.2079
0.01,7.0845,1.5801,7.7537,4.3471,-1.697,-1.697,59.1162
0.01,7.1062,1.6176,7.7971,4.3414,-0.5697,-0.5697,60.0304
0.01,7.1274,1.6555,7.8404,4.3257,-1.5598,-1.5598,60.95
0.01,7.1478,1.6935,7.8836,4.3215,-0.4225,-0.4225,61.8747
0.01,7.1676,1.7317,7.9267,4.3099,-1.1603,-1.1603,62.8022
0.01,7.1867,1.7702,7.9696,4.3017,-0.8233,-0.8233,63.7341
0.01,7.2052,1.8091,8.0127,4.2914,-1.0283,-1.0283,64.6721
0.01,7.223,1.848,8.0555,4.29,-0.1444,-0.1444,65.6139
0.01,7.2401,1.8873,8.0984,4.2782,-1.1761,-1.1761,66.559
0.01,7.2566,1.9267,8.141,4.278,-0.0126,-0.0126,67.507
0.01,7.2723,1.9664,8.1838,4.2675,-1.0562,-1.0562,68.4576
0.01,7.2874,2.0064,8.2265,4.2658,-0.166,-0.166,69.4125
0.01,7.3019,2.0465,8.2691,4.262,-0.3823,-0.3823,70.3691
0.01,7.3156,2.0867,8.3116,4.2588,-0.323,-0.323,71.3271
0.01,7.3286,2.1272,8.3541,4.2561,-0.2644,-0.2644,72.286
0.01,7.341,2.1679,8.3967,4.2513,-0.4847,-0.4847,73.2475
0.01,7.3527,2.2088,8.4393,4.2526,0.1299,0.1299,74.2112
0.01,7.3636,2.2499,8.4817,4.2516,-0.0919,-0.0919,75.1746
0.01,7.3739,2.291,8.5242,4.2513,-0.0354,-0.0354,76.1373
0.01,7.3835,2.3324,8.5667,4.2487,-0.2575,-0.2575,77.101
0.01,7.3924,2.374,8.6092,4.2523,0.356,0.356,78.0651
0.01,7.4006,2.4158,8.6517,4.2508,-0.144,-0.144,79.0294
0.01,7.4081,2.4577,8.6943,4.2555,0.4663,0.4663,79.9933
0.01,7.4149,2.4996,8.7368,4.2579,0.2445,0.2445,80.9544
0.01,7.421,2.5418,8.7794,4.2582,0.025,0.025,81.9144
0.01,7.4264,2.5842,8.8221,4.2618,0.3582,0.3582,82.8749
0.01,7.4311,2.6266,8.8649,4.2686,0.6865,0.6865,83.8334
0.01,7.4351,2.6691,8.9075,4.2733,0.469,0.469,84.7876
0.01,7.4384,2.7118,8.9503,4.2759,0.2548,0.2548,85.739
0.01,7.4409,2.7544,8.993,4.2844,0.8544,0.8544,86.6873
0.01,7.4428,2.7973,9.0359,4.2881,0.3718,0.3718,87.6321
0.01,7.444,2.8403,9.0789,4.2951,0.7002,0.7002,88.5752
0.01,7.4445,2.8833,9.1219,4.3053,1.0232,1.0232,89.514
0.01,7.4442,2.9264,9.165,4.3109,0.5523,0.5523,90.4483
0.01,7.4433,2.9696,9.2083,4.3197,0.8772,0.8772,91.3797
0.01,7.4416,3.0128,9.2515,4.3316,1.1964,1.1964,92.3059
0.01,7.4393,3.0561,9.2949,4.339,0.738,0.738,93.2267
0.01,7.4362,3.0996,9.3384,4.3496,1.0591,1.0591,94.1436
0.01,7.4325,3.1431,9.3821,4.3608,1.121,1.121,95.0564
0.01,7.428,3.1865,9.4258,4.3751,1.4342,1.4342,95.9628
0.01,7.4229,3.2301,9.4696,4.3851,0.9949,0.9949,96.8627
0.01,7.4171,3.2737,9.5136,4.3982,1.3098,1.3098,97.7576
0.01,7.4105,3.3173,9.5578,4.4119,1.3738,1.3738,98.6474
0.01,7.4033,3.3611,9.6021,4.4263,1.4384,1.4384,99.5317
0.01,7.3953,3.4047,9.6464,4.4437,1.743,1.743,100.4085
0.01,7.3867,3.4485,9.6911,4.4547,1.0951,1.0951,101.2795
0.01,7.3774,3.4922,9.7358,4.4757,2.1051,2.1051,102.1445
0.01,7.3674,3.5359,9.7806,4.4904,1.4665,1.4665,103.0014
0.01,7.3566,3.5798,9.8258,4.5058,1.5402,1.5402,103.8538
0.01,7.3452,3.6236,9.8711,4.5287,2.2883,2.2883,104.6996
0.01,7.3331,3.6674,9.9165,4.5454,1.6748,1.6748,105.537
0.01,7.3203,3.7113,9.9622,4.5651,1.9679,1.9679,106.3676
0.01,7.3069,3.7551,10.008,4.5854,2.0348,2.0348,107.1913
0.01,7.2927,3.7989,10.0541,4.6065,2.1017,2.1017,108.0081
0.01,7.2778,3.8427,10.1004,4.6281,2.1685,2.1685,108.8177
0.01,7.2623,3.8866,10.1469,4.6505,2.2351,2.2351,109.6202
0.01,7.2461,3.9304,10.1936,4.6735,2.3014,2.3014,110.4155
0.01,7.2292,3.9742,10.2405,4.6972,2.3673,2.3673,111.2034
0.01,7.2116,4.0179,10.2877,4.7215,2.4327,2.4327,111.9841
0.01,7.1932,4.0619,10.3353,4.7445,2.2984,2.2984,112.7589
0.01,7.1742,4.1056,10.383,4.7741,2.9593,2.9593,113.5263
0.01,7.1546,4.1493,10.4309,4.7983,2.4288,2.4288,114.2849
0.01,7.1343,4.193,10.4791,4.8252,2.6885,2.6885,115.0361
0.01,7.1132,4.2368,10.5277,4.8509,2.5606,2.5606,115.7813
0.01,7.0915,4.2804,10.5765,4.8827,3.189,3.189,116.5192
0.01,7.069,4.3242,10.6256,4.9077,2.4999,2.4999,117.2498
0.01,7.0459,4.3679,10.6751,4.9389,3.1131,3.1131,117.9744
0.01,7.0221,4.4114,10.7246,4.9705,3.1696,3.1696,118.6904
0.01,6.9976,4.455,10.7746,4.9974,2.6863,2.6863,119.3992
0.01,6.9724,4.4985,10.8249,5.0301,3.2744,3.2744,120.1021
0.01,6.9466,4.542,10.8756,5.0616,3.1518,3.1518,120.7979
0.01,6.92,4.5855,10.9265,5.0937,3.2035,3.2035,121.4867
0.01,6.8928,4.6289,10.9777,5.1262,3.2535,3.2535,122.1686
0.01,6.8648,4.6724,11.0294,5.1576,3.1353,3.1353,122.8448
0.01,6.8362,4.7157,11.0813,5.1944,3.6781,3.6781,123.5141
0.01,6.8069,4.7589,11.1335,5.2266,3.2306,3.2306,124.1756
0.01,6.7768,4.8022,11.1863,5.2595,3.2752,3.2752,124.8316
0.01,6.7462,4.8453,11.2392,5.2974,3.7935,3.7935,125.4811
0.01,6.7148,4.8883,11.2924,5.3309,3.3589,3.3589,126.123
0.01,6.6827,4.9314,11.3461,5.3649,3.3967,3.3967,126.7598
0.01,6.65,4.9743,11.4001,5.4038,3.8907,3.8907,127.3904
0.01,6.6165,5.0172,11.4545,5.437,3.3173,3.3173,128.0148
0.01,6.5824,5.0599,11.5092,5.4764,3.9447,3.9447,128.6333
0.01,6.5475,5.1027,11.5644,5.5102,3.3819,3.3819,129.2458
0.01,6.512,5.1453,11.6198,5.5501,3.9895,3.9895,129.8527
0.01,6.4757,5.1879,11.6757,5.5845,3.4368,3.4368,130.4539
0.01,6.4389,5.2303,11.7319,5.6247,4.0247,4.0247,131.0496
0.01,6.4012,5.2727,11.7886,5.6596,3.4816,3.4816,131.6398
0.01,6.363,5.3149,11.8456,5.7,4.0503,4.0503,132.2248
0.01,6.3241,5.357,11.9029,5.7366,3.6524,3.6524,132.8037
0.01,6.2844,5.399,11.9607,5.7745,3.7972,3.7972,133.3776
0.01,6.2441,5.4409,12.0188,5.8126,3.8046,3.8046,133.9465
0.01,6.2031,5.4826,12.0774,5.8507,3.8094,3.8094,134.5107
0.01,6.1615,5.5242,12.1361,5.89,3.9436,3.9436,135.0694
0.01,6.1191,5.5657,12.1955,5.9257,3.555,3.555,135.6235
0.01,6.0761,5.607,12.2551,5.9663,4.0624,4.0624,136.1732
0.01,6.0324,5.6482,12.3151,6.003,3.6788,3.6788,136.7178
0.01,5.9881,5.6893,12.3756,6.041,3.7949,3.7949,137.2583
0.01,5.9431,5.7301,12.4363,6.08,3.9093,3.9093,137.7938
0.01,5.8974,5.7708,12.4976,6.1154,3.5288,3.5288,138.3255
0.01,5.851,5.8114,12.5592,6.1554,3.996,3.996,138.8535
0.01,5.8041,5.8516,12.621,6.1927,3.7415,3.7415,139.3761
0.01,5.7564,5.8919,12.6834,6.2276,3.4821,3.4821,139.8953
0.01,5.7083,5.9317,12.7459,6.268,4.0481,4.0481,140.4102
0.01,5.6593,5.9715,12.809,6.3013,3.3244,3.3244,140.9211
0.01,5.6098,6.0111,12.8723,6.34,3.8712,3.8712,141.4288
0.01,5.5596,6.0504,12.9362,6.375,3.5009,3.5009,141.9328
0.01,5.5088,6.0895,13.0002,6.4119,3.6952,3.6952,142.4331
0.01,5.4573,6.1284,13.0647,6.4463,3.4372,3.4372,142.9298
0.01,5.4053,6.167,13.1295,6.4825,3.6234,3.6234,143.4231
0.01,5.3526,6.2055,13.1947,6.5162,3.3653,3.3653,143.913
0.01,5.2994,6.2436,13.2602,6.5516,3.5437,3.5437,144.3999
0.01,5.2457,6.2815,13.326,6.5855,3.3952,3.3952,144.8828
0.01,5.1912,6.3191,13.3921,6.618,3.2427,3.2427,145.3629
0.01,5.1361,6.3565,13.4588,6.6511,3.3028,3.3028,145.8409
0.01,5.0804,6.3937,13.5257,6.6847,3.3628,3.3628,146.3162
0.01,5.0242,6.4305,13.5929,6.7168,3.211,3.211,146.7882
0.01,4.9676,6.467,13.6603,6.7484,3.1612,3.1612,147.2569
0.01,4.9104,6.5031,13.7279,6.7794,3.11,3.11,147.7226
0.01,4.8525,6.5391,13.7961,6.809,2.9532,2.9532,148.186
0.01,4.7941,6.5747,13.8645,6.84,3.1035,3.1035,148.6473
0.01,4.735,6.61,13.9333,6.8686,2.8461,2.8461,149.1066
0.01,4.6756,6.645,14.0022,6.8994,3.0937,3.0937,149.5632
0.01,4.6156,6.6796,14.0715,6.9258,2.6359,2.6359,150.0173
0.01,4.5552,6.7139,14.1409,6.9555,2.9767,2.9767,150.4689
0.01,4.4942,6.7478,14.2108,6.9808,2.5214,2.5214,150.9183
0.01,4.4327,6.7814,14.2809,7.0083,2.7558,2.7558,151.3661
0.01,4.3707,6.8147,14.3512,7.0343,2.5993,2.5993,151.8118
0.01,4.3082,6.8476,14.4218,7.0597,2.5387,2.5387,152.2555
0.01,4.2453,6.8801,14.4927,7.0845,2.4775,2.4775,152.6972
0.01,4.1819,6.9122,14.5637,7.1086,2.416,2.416,153.1372
0.01,4.118,6.944,14.6351,7.1322,2.3541,2.3541,153.5754
0.01,4.0537,6.9754,14.7066,7.1551,2.292,2.292,154.0119
0.01,3.9889,7.0064,14.7784,7.1774,2.2297,2.2297,154.4469
0.01,3.9237,7.037,14.8505,7.1991,2.1674,2.1674,154.8804
0.01,3.8582,7.0671,14.9226,7.2211,2.201,2.201,155.3119
0.01,3.7921,7.0969,14.9951,7.2397,1.8551,1.8551,155.742
0.01,3.7258,7.1262,15.0676,7.2613,2.1679,2.1679,156.171
0.01,3.659,7.1551,15.1404,7.2796,1.8264,1.8264,156.5981
0.01,3.5918,7.1837,15.2134,7.2981,1.8569,1.8569,157.0242
0.01,3.5242,7.2118,15.2866,7.3161,1.7954,1.7954,157.4493
0.01,3.4564,7.2394,15.3598,7.3344,1.8284,1.8284,157.8728
0.01,3.3879,7.2666,15.4335,7.3493,1.4898,1.4898,158.2954
0.01,3.3193,7.2934,15.5072,7.3673,1.7976,1.7976,158.7174
0.01,3.2504,7.3196,15.5808,7.3828,1.5567,1.5567,159.1372
0.01,3.181,7.3455,15.655,7.396,1.3124,1.3124,159.5565
0.01,3.1114,7.3709,15.7291,7.4122,1.62,1.62,159.9752
0.01,3.0416,7.3958,15.8032,7.4259,1.3818,1.3818,160.392
0.01,2.9712,7.4203,15.8777,7.4374,1.1408,1.1408,160.8085
0.01,2.9007,7.4443,15.9522,7.4519,1.4488,1.4488,161.2246
0.01,2.83,7.4678,16.0267,7.464,1.2137,1.2137,161.639
0.01,2.7587,7.4909,16.1016,7.4738,0.9762,0.9762,162.0532
0.01,2.6875,7.5135,16.1763,7.4875,1.3781,1.3781,162.4665
0.01,2.6157,7.5356,16.2514,7.4953,0.7806,0.7806,162.879
0.01,2.5438,7.5572,16.3265,7.5071,1.181,1.181,163.2914
0.01,2.4717,7.5783,16.4016,7.5166,0.9513,0.9513,163.7025
0.01,2.3994,7.5989,16.4769,7.5248,0.8103,0.8103,164.1129
0.01,2.3269,7.619,16.5521,7.5342,0.9434,0.9434,164.5227
0.01,2.2541,7.6386,16.6275,7.5413,0.7146,0.7146,164.932
0.01,2.1809,7.6578,16.7031,7.5489,0.7583,0.7583,165.3415
0.01,2.1077,7.6764,16.7787,7.557,0.8042,0.8042,165.7504
0.01,2.0343,7.6945,16.8542,7.5636,0.6705,0.6705,166.1583
0.01,1.9607,7.7121,16.9299,7.569,0.5362,0.5362,166.5658
0.01,1.8868,7.7292,17.0058,7.5749,0.5845,0.5845,166.9737
0.01,1.8128,7.7458,17.0816,7.5812,0.635,0.635,167.3813
0.01,1.7387,7.7618,17.1574,7.5863,0.5057,0.5057,167.7879
0.01,1.6643,7.7774,17.2334,7.59,0.3761,0.3761,168.1943
0.01,1.5899,7.7924,17.3093,7.5952,0.5207,0.5207,168.6005
0.01,1.5155,7.8069,17.3851,7.5992,0.3945,0.3945,169.0059
0.01,1.4408,7.8209,17.4612,7.6019,0.2681,0.2681,169.4112
0.01,1.3658,7.8344,17.5374,7.6051,0.3254,0.3254,169.817
0.01,1.2907,7.8473,17.6135,7.609,0.3845,0.3845,170.2228
0.01,1.2157,7.8597,17.6896,7.6116,0.2628,0.2628,170.6279
0.01,1.1406,7.8716,17.7656,7.6139,0.2328,0.2328,171.0323
0.01,1.0653,7.883,17.8417,7.615,0.1119,0.1119,171.4366
0.01,0.9898,7.8938,17.918,7.6168,0.1757,0.1757,171.8418
0.01,0.9142,7.9041,17.9943,7.6192,0.2413,0.2413,172.247
0.01,0.8387,7.9139,18.0705,7.6205,0.1248,0.1248,172.6516
0.01,0.7631,7.9231,18.1466,7.6215,0.1008,0.1008,173.0556
0.01,0.6874,7.9318,18.2228,7.6213,-0.015,-0.015,173.4597
0.01,0.6116,7.94,18.299,7.6228,0.1483,0.1483,173.864
0.01,0.5357,7.9476,18.3754,7.6222,-0.0577,-0.0577,174.2685
0.01,0.4597,7.9547,18.4516,7.6233,0.1082,0.1082,174.6731
0.01,0.3839,7.9613,18.5278,7.6233,-0.0026,-0.0026,175.0773
0.01,0.308,7.9673,18.6039,7.6231,-0.0199,-0.0199,175.4809
0.01,0.232,7.9728,18.6801,7.6218,-0.1302,-0.1302,175.8848
0.01,0.1558,7.9777,18.7565,7.6213,-0.0519,-0.0519,176.2897
0.01,0.0798,7.9821,18.8325,7.6225,0.123,0.123,176.694
0.01,0.0037,7.986,18.9087,7.6198,-0.2673,-0.2673,177.0979
0.01,-0.0725,7.9894,18.9851,7.6189,-0.0911,-0.0911,177.5028
0.01,-0.1485,7.9922,19.0611,7.6198,0.0883,0.0883,177.9073
0.01,-0.2246,7.9944,19.1373,7.6168,-0.3018,-0.3018,178.3114
0.01,-0.3009,7.9961,19.2136,7.6155,-0.121,-0.121,178.7164
0.01,-0.3771,7.9973,19.2898,7.6152,-0.0339,-0.0339,179.1218
0.01,-0.453,7.998,19.3657,7.5955,-1.9776,-1.9776,179.526
0.01,-0.5285,7.9981,19.4411,7.5424,-5.3012,-5.3012,179.9283
0.01,-0.6033,7.9977,19.5159,7.4898,-5.2629,-5.2629,-179.6719
0.01,-0.6777,7.9968,19.5904,7.4353,-5.4463,-5.4463,-179.2748
0.01,-0.7515,7.9953,19.6641,7.3827,-5.2625,-5.2625,-178.8804
0.01,-0.8248,7.9934,19.7375,7.3282,-5.4469,-5.4469,-178.4886
0.01,-0.8975,7.991,19.8102,7.2756,-5.2626,-5.2626,-178.0994
0.01,-0.9697,7.9882,19.8825,7.2211,-5.4481,-5.4481,-177.713
0.01,-1.0412,7.9848,19.9541,7.1685,-5.2632,-5.2632,-177.3294
0.01,-1.1123,7.9811,20.0253,7.114,-5.4498,-5.4498,-176.9485
0.01,-1.1827,7.9769,20.0958,7.0614,-5.2642,-5.2642,-176.5703
0.01,-1.2526,7.9722,20.1658,7.0069,-5.452,-5.452,-176.195
0.01,-1.3221,7.9672,20.2355,6.9533,-5.3547,-5.3547,-175.8218
0.01,-1.3908,7.9617,20.3045,6.9006,-5.2666,-5.2666,-175.4514
0.01,-1.4591,7.9559,20.373,6.846,-5.4554,-5.4554,-175.0839
0.01,-1.5266,7.9496,20.4408,6.7934,-5.2684,-5.2684,-174.7193
0.01,-1.5937,7.943,20.5082,6.7388,-5.4584,-5.4584,-174.3576
0.01,-1.6603,7.936,20.5752,6.6852,-5.3602,-5.3602,-173.9981
0.01,-1.7261,7.9287,20.6414,6.6325,-5.2716,-5.2716,-173.6416
0.01,-1.7915,7.921,20.7072,6.5779,-5.4627,-5.4627,-173.2881
0.01,-1.8563,7.913,20.7725,6.5242,-5.364,-5.364,-172.9369
0.01,-1.9204,7.9047,20.8372,6.4715,-5.2752,-5.2752,-172.5887
0.01,-1.984,7.8961,20.9013,6.4168,-5.4673,-5.4673,-172.2436
0.01,-2.0471,7.8871,20.965,6.3631,-5.3679,-5.3679,-171.9008
0.01,-2.1094,7.8779,21.028,6.3104,-5.2788,-5.2788,-171.5612
0.01,-2.1711,7.8683,21.0905,6.2557,-5.4721,-5.4721,-171.2247
0.01,-2.2324,7.8585,21.1526,6.2019,-5.372,-5.372,-170.8907
0.01,-2.2932,7.8484,21.2142,6.1481,-5.3732,-5.3732,-170.559
0.01,-2.3531,7.8381,21.275,6.0954,-5.2838,-5.2838,-170.2306
0.01,-2.4126,7.8276,21.3354,6.0406,-5.4781,-5.4781,-169.9055
0.01,-2.4715,7.8167,21.3953,5.9868,-5.3772,-5.3772,-169.5829
0.01,-2.5299,7.8057,21.4547,5.9329,-5.3784,-5.3784,-169.2627
0.01,-2.5875,7.7944,21.5134,5.8802,-5.2886,-5.2886,-168.946
0.01,-2.6448,7.7829,21.5719,5.8242,-5.5733,-5.5733,-168.6317
0.01,-2.7013,7.7713,21.6296,5.7723,-5.1887,-5.1887,-168.3201
0.01,-2.7573,7.7594,21.6868,5.7174,-5.4861,-5.4861,-168.0118
0.01,-2.8124,7.7474,21.7432,5.6647,-5.2929,-5.2929,-167.707
0.01,-2.8673,7.7351,21.7995,5.6088,-5.5791,-5.5791,-167.4048
0.01,-2.9214,7.7228,21.8549,5.5569,-5.1919,-5.1919,-167.1053
0.01,-2.9749,7.7102,21.9099,5.5021,-5.4914,-5.4914,-166.8093
0.01,-3.0279,7.6975,21.9644,5.4482,-5.3884,-5.3884,-166.516
0.01,-3.0803,7.6847,22.0183,5.3943,-5.3893,-5.3893,-166.2254
0.01,-3.1321,7.6717,22.0718,5.3403,-5.3902,-5.3902,-165.9376
0.01,-3.1835,7.6586,22.1248,5.2863,-5.391,-5.391,-165.6525
0.01,-3.2339,7.6454,22.1769,5.2335,-5.3006,-5.3006,-165.371
0.01,-3.2841,7.6321,22.2289,5.1774,-5.5872,-5.5872,-165.0923
0.01,-3.3335,7.6187,22.28,5.1256,-5.1978,-5.1978,-164.8164
0.01,-3.3823,7.6052,22.3307,5.0706,-5.4992,-5.4992,-164.5442
0.01,-3.4306,7.5916,22.3808,5.0168,-5.3947,-5.3947,-164.2748
0.01,-3.4785,7.5779,22.4307,4.9616,-5.4845,-5.4845,-164.0074
0.01,-3.5256,7.5642,22.4797,4.9096,-5.2006,-5.2006,-163.743
0.01,-3.5722,7.5504,22.5283,4.8546,-5.5015,-5.5015,-163.4823
0.01,-3.6182,7.5365,22.5763,4.8006,-5.3967,-5.3967,-163.2244
0.01,-3.6633,7.5227,22.6236,4.7478,-5.3061,-5.3061,-162.9703
0.01,-3.7082,7.5087,22.6705,4.6918,-5.5936,-5.5936,-162.7191
0.01,-3.7525,7.4948,22.717,4.6388,-5.2923,-5.2923,-162.4701
0.01,-3.7962,7.4807,22.7629,4.5848,-5.3981,-5.3981,-162.2241
0.01,-3.8393,7.4667,22.8082,4.5307,-5.3983,-5.3983,-161.981
0.01,-3.8817,7.4528,22.8528,4.4779,-5.3081,-5.3081,-161.7418
0.01,-3.9237,7.4387,22.8971,4.4219,-5.5945,-5.5945,-161.5055
0.01,-3.9651,7.4247,22.9408,4.3689,-5.293,-5.293,-161.2715
0.01,-4.006,7.4106,22.9841,4.3148,-5.3989,-5.3989,-161.0404
0.01,-4.0463,7.3966,23.0267,4.2607,-5.399,-5.399,-160.8125
0.01,-4.0857,7.3827,23.0685,4.208,-5.3093,-5.3093,-160.5883
0.01,-4.1249,7.3688,23.1101,4.152,-5.5948,-5.5948,-160.3673
0.01,-4.1634,7.3549,23.1511,4.099,-5.2926,-5.2926,-160.1485
0.01,-4.2014,7.341,23.1916,4.045,-5.399,-5.399,-159.9327
0.01,-4.2389,7.3271,23.2315,3.991,-5.3989,-5.3989,-159.7201
0.01,-4.2757,7.3134,23.2708,3.9371,-5.3988,-5.3988,-159.5106
0.01,-4.3123,7.2996,23.3099,3.8819,-5.4847,-5.4847,-159.3033
0.01,-4.348,7.2859,23.3481,3.8299,-5.2041,-5.2041,-159.0992
0.01,-4.3831,7.2724,23.3858,3.775,-5.5059,-5.5059,-158.899
0.01,-4.4177,7.2589,23.4229,3.7212,-5.3982,-5.3982,-158.7019
0.01,-4.4519,7.2454,23.4597,3.6661,-5.4835,-5.4835,-158.5072
0.01,-4.4856,7.232,23.4959,3.6131,-5.2908,-5.2908,-158.3148
0.01,-4.5185,7.2189,23.5313,3.5603,-5.3101,-5.3101,-158.1263
0.01,-4.551,7.2057,23.5664,3.5043,-5.5902,-5.5902,-157.941
0.01,-4.583,7.1926,23.601,3.4514,-5.2894,-5.2894,-157.758
0.01,-4.6144,7.1797,23.6349,3.3974,-5.3962,-5.3962,-157.5783
0.01,-4.6452,7.1669,23.6683,3.3436,-5.3959,-5.3959,-157.4017
0.01,-4.6757,7.154,23.7014,3.2884,-5.4784,-5.4784,-157.2274
0.01,-4.7054,7.1415,23.7336,3.2366,-5.2028,-5.2028,-157.0563
0.01,-4.7347,7.129,23.7655,3.1806,-5.5853,-5.5853,-156.8885
0.01,-4.7635,7.1166,23.7969,3.1276,-5.2871,-5.2871,-156.723
0.01,-4.7917,7.1043,23.8276,3.0736,-5.3937,-5.3937,-156.5607
0.01,-4.8194,7.0923,23.8578,3.0197,-5.3934,-5.3934,-156.4016
0.01,-4.8465,7.0804,23.8874,2.966,-5.3932,-5.3932,-156.2457
0.01,-4.873,7.0686,23.9164,2.9123,-5.393,-5.393,-156.093
0.01,-4.8992,7.0569,23.945,2.8573,-5.4724,-5.4724,-155.9427
0.01,-4.9248,7.0454,23.9731,2.8044,-5.2843,-5.2843,-155.7949
0.01,-4.9498,7.0341,24.0006,2.7505,-5.3912,-5.3912,-155.6502
0.01,-4.9743,7.0229,24.0276,2.6967,-5.391,-5.391,-155.5088
0.01,-4.9982,7.012,24.0539,2.643,-5.3908,-5.3908,-155.3706
0.01,-5.0219,7.0011,24.0799,2.5881,-5.4674,-5.4674,-155.2348
0.01,-5.0449,6.9904,24.1053,2.5352,-5.2821,-5.2821,-155.1014
0.01,-5.0674,6.9799,24.1301,2.4813,-5.3891,-5.3891,-154.9712
0.01,-5.0893,6.9696,24.1543,2.4276,-5.3891,-5.3891,-154.8443
0.01,-5.1109,6.9594,24.1782,2.3726,-5.4625,-5.4625,-154.7198
0.01,-5.1317,6.9495,24.2012,2.321,-5.2035,-5.2035,-154.5986
0.01,-5.1521,6.9398,24.2238,2.2653,-5.5711,-5.5711,-154.4805
0.01,-5.1723,6.9301,24.2462,2.2111,-5.351,-5.351,-154.3641
0.01,-5.1916,6.9208,24.2677,2.1594,-5.206,-5.206,-154.251
0.01,-5.2106,6.9115,24.2888,2.1034,-5.5653,-5.5653,-154.1411
0.01,-5.2291,6.9025,24.3093,2.0506,-5.2787,-5.2787,-154.0336
0.01,-5.247,6.8938,24.3293,1.9968,-5.3863,-5.3863,-153.9294
0.01,-5.2643,6.8853,24.3486,1.9433,-5.3867,-5.3867,-153.8284
0.01,-5.2814,6.8769,24.3676,1.8885,-5.4521,-5.4521,-153.7298
0.01,-5.2978,6.8687,24.3859,1.8357,-5.2778,-5.2778,-153.6337
0.01,-5.3137,6.8608,24.4037,1.782,-5.3857,-5.3857,-153.5408
0.01,-5.3291,6.8531,24.4208,1.7286,-5.3865,-5.3865,-153.4512
0.01,-5.3441,6.8456,24.4376,1.6739,-5.4469,-5.4469,-153.3641
0.01,-5.3586,6.8383,24.4538,1.6211,-5.2774,-5.2774,-153.2793
0.01,-5.3727,6.8312,24.4697,1.5659,-5.4405,-5.4405,-153.1971
0.01,-5.3861,6.8244,24.4847,1.5144,-5.2184,-5.2184,-153.118
0.01,-5.3991,6.8178,24.4993,1.4587,-5.5503,-5.5503,-153.0422
0.01,-5.4116,6.8114,24.5133,1.4061,-5.2777,-5.2777,-152.9689
0.01,-5.4238,6.8052,24.527,1.3511,-5.4339,-5.4339,-152.898
0.01,-5.4351,6.7993,24.5398,1.2998,-5.2267,-5.2267,-152.8304
0.01,-5.4465,6.7935,24.5525,1.2426,-5.5782,-5.5782,-152.7652
0.01,-5.457,6.7881,24.5643,1.1917,-5.1281,-5.1281,-152.7024
0.01,-5.4672,6.7828,24.5758,1.1358,-5.5341,-5.5341,-152.6429
0.01,-5.4765,6.778,24.5864,1.0848,-5.2397,-5.2397,-152.5867
0.01,-5.4859,6.7731,24.5969,1.0279,-5.5586,-5.5586,-152.5329
0.01,-5.4944,6.7687,24.6065,0.9774,-5.143,-5.143,-152.4816
0.01,-5.5026,6.7644,24.6158,0.9218,-5.5271,-5.5271,-152.4335
0.01,-5.5103,6.7604,24.6244,0.8693,-5.2849,-5.2849,-152.3878
0.01,-5.5176,6.7565,24.6327,0.8141,-5.4034,-5.4034,-152.3447
0.01,-5.5244,6.7529,24.6404,0.7607,-5.2859,-5.2859,-152.3039
0.01,-5.5307,6.7497,24.6475,0.7069,-5.3972,-5.3972,-152.2664
0.01,-5.5363,6.7467,24.6539,0.6539,-5.406,-5.406,-152.2322
0.01,-5.5417,6.7438,24.66,0.5992,-5.385,-5.385,-152.2004
0.01,-5.5465,6.7413,24.6654,0.5463,-5.2979,-5.2979,-152.1711
0.01,-5.5508,6.739,24.6702,0.4933,-5.4197,-5.4197,-152.145
0.01,-5.5548,6.7369,24.6747,0.4386,-5.3539,-5.3539,-152.1213
0.01,-5.5582,6.7351,24.6786,0.3853,-5.3113,-5.3113,-152.1001
0.01,-5.561,6.7336,24.6818,0.3326,-5.4478,-5.4478,-152.0822
0.01,-5.5636,6.7323,24.6847,0.2775,-5.2894,-5.2894,-152.0667
0.01,-5.5656,6.7312,24.6869,0.2236,-5.3335,-5.3335,-152.0537
0.01,-5.567,6.7305,24.6886,0.1712,-5.5293,-5.5293,-152.0439
0.01,-5.5682,6.7298,24.6899,0.1141,-5.0445,-5.0445,-152.0366
0.01,-5.5687,6.7295,24.6905,0.0428,-4.6154,-4.6154,-152.0317